id,question,choice1,choice2,choice3,correctAnswer,explanation,theme,imageUrl,imagePath
q1,世界遺産の持つ価値は？,顕著な経済的価値,顕著な観光的価値,顕著な歴史的価値,顕著な普遍的価値,世界遺産は「顕著な普遍的価値（Outstanding Universal Value）」をもつ遺産として、人類全体にとって重要であると認められたものです。経済的・観光的な価値は登録の条件には含まれません。,世界遺産の基礎知識,,
q2,ユネスコ（UNESCO）の正式名称はどれですか？,国際連合文化遺産保護委員会,国際平和と人権擁護機構,世界教育研究協会,国際連合教育科学文化機関,,世界遺産の基礎知識,,
q3,世界遺産の理念が誕生するきっかけとなった遺産は？,ピラミッド群（エジプト）,タージ・マハル,パルテノン神殿,アブシンベル神殿,,世界遺産の基礎知識,,
q4,世界遺産の理念が誕生するきっかけとなったエジプトでの出来事とは？,ピラミッドの発掘調査,王家の谷の再発見,民族同士による紛争,アスワン・ハイ・ダムの建設,,世界遺産の基礎知識,,
q5,遺産保護のために用いられる援助金はどこから拠出される？,国際通貨基金,自然文化保護基金,国際文化遺産支援機構,世界遺産基金,,世界遺産の基礎知識,,
q6,危機遺産リストに選ばれる理由に当てはまらないのは？,戦争や紛争による破壊の危険があるため,地震や洪水などの自然災害によって損壊の恐れがあるため,不適切な開発や管理不足によって景観が損なわれる危険があるため,観光客が多く訪れることで経済的に発展しているため,,世界遺産の基礎知識,,
q7,世界遺産の中で最も登録が多い遺産は？,複合遺産,景観遺産,自然遺産,文化遺産,2025年3月時点では、文化遺産：952、自然遺産：231、複合遺産：40が登録されている。,世界遺産の基礎知識,,
q8,2025年1月時点で、日本にはいくつの世界遺産が登録されている？,26,36,46,56,2025年3月時点での情報を元にしています。試験前には最新の登録件数を確認しましょう。,世界遺産の基礎知識,,
q9,世界遺産に登録される条件として正しいものを選びなさい,観光客数が一定以上であること,経済が安定した国にあること,周りに観光施設があるること,不動産であること,,世界遺産の基礎知識,,
q10,日本で最初に登録された世界遺産は次のうちどれ？,知床,富士山,厳島神社,白神山地,1993年に、白神山地、屋久島、姫路城、法隆寺地域の仏教建造物群、の4つが日本で初めて世界遺産に登録された。,世界遺産の基礎知識,,
q11,屋久島の説明として間違っている説明を選べ,花崗岩が隆起してできた島,"九州最高峰の宮之浦岳を含む、1,000ｍ級の山が連なる",海岸線から山頂まで植物の垂直分布がみられる,季節風による降水量が多い,,日本の世界遺産,,
q12,負の遺産の説明として正しいものはどれか,登録されると自動的に危機遺産リストに入る,戦争や災害の記念碑であれば必ず負の遺産として登録される,世界遺産条約で明確に定義されたカテゴリーである,世界遺産条約では正式に定義されていない,「負の遺産（Negative Heritage）」という言葉は一般的に使われますが、ユネスコの正式な世界遺産区分では定義されていません。,世界遺産の基礎知識,,
q13,広島平和記念碑（原爆ドーム）に、原子爆弾が投下されたのはいつ？,1941年12月8日,1945年8月15日,1945年8月9日,1945年8月6日,1945年8月9日:長崎に原子爆弾が投下された日。1945年8月15日:昭和天皇が玉音放送で日本の降伏を国民に知らせた日。1941年12月8日:日本がハワイの真珠湾を攻撃し、太平洋戦争が始まった日。,日本の世界遺産,,
q14,12世紀に海上交通の安全を祈願し、厳島神社の社殿を整備した人物は？,源頼朝,足利義満,徳川家康,平清盛,平安時代末期、武士として絶大な権力を誇った平清盛が、日宋貿易の拠点だった瀬戸内海の航海安全と、平家一門の繁栄を祈願するために、厳島神社を篤く信仰し、現在のような海上に浮かぶ壮麗な社殿に整備しました。他の選択肢の人物は活躍した時代が異なります。,日本の世界遺産,,
q15,沖ノ島では、4世紀後半から約500年間にわたり、どのような国家的祭祀が行われたでしょうか？,五穀豊穣の祭祀,王の即位を祝う戴冠式,仏教の布教を目的とした祈祷,航海安全の祭祀,沖ノ島では、大陸との交流が盛んだった古代に、航海の安全や国家の繁栄を祈る祭祀が行われていました。出土品の多くは、当時の日本と大陸とのつながりを示す貴重な文化遺産です。,日本の世界遺産,,
q16,沖縄本島北部にのみ生息する、飛ぶことがほとんどできない鳥はどれですか？,オオワシ,トキ,コウノトリ,ヤンバルクイナ,ヤンバルクイナは1981年に新種として発見された、日本固有の鳥です。沖縄本島北部（やんばる）の森にのみ生息し、絶滅危惧種に指定されています。飛ぶ力が弱く、主に地上で生活しています。,日本の世界遺産,,
q17,2025年現在、日本の暫定リストに記載されていないものは？,古都鎌倉の寺院・寺社ほか,彦根城,飛鳥・藤原の宮都,佐渡山の金山,佐渡の金山は、2024年に文化遺産で登録されました。試験前は最新の暫定リストを確認し、推薦が進んでいる遺産についても調べておきましょう。,日本の世界遺産,,
q18,フランス北西部にあり、聖ミカエルのお告げによって建てられ、満潮時には島になる世界遺産はどれですか？,ノートルダム大聖堂,エッフェル塔,ベルサイユ宮殿,モン・サン＝ミッシェル,モン・サン＝ミッシェルはフランス北西部の湾にある修道院で、「海に浮かぶ奇跡」とも呼ばれます。潮の満ち引きによって島と陸を行き来できる独特の地形が特徴です。,世界の世界遺産,,
q19,小笠原諸島で確認されている95％が固有種とされる陸産貝類は何の仲間？,ヒトデ,アサリ,サンゴ,カタツムリ,小笠原諸島は「東洋のガラパゴス」とも呼ばれ、独自の進化を遂げた生物が多く見られます。特に陸産貝類の多くはカタツムリの仲間で、その約95％が小笠原固有種です。,日本の世界遺産,,
q20,明治政府が殖産興業の一環として群馬県に立てた施設名は？,黒部ダム,札幌時計台,八幡製鉄所,富岡製糸場,富岡製糸場は1872年に明治政府が建設した日本初の官営模範製糸場で、近代産業の発展に大きく貢献しました。,日本の世界遺産,,
q21,白川郷・五箇山の合掌造り集落の特徴として当てはまるものは？,雨がほとんど降らない乾燥地帯,一年中高温多湿な地域,常春と呼ばれる温暖な地帯,日本有数の豪雪地帯,白川郷・五箇山の合掌造り集落は、岐阜県と富山県の山間部にあり、冬には数メートルもの雪が積もる豪雪地帯です。急勾配の茅葺き屋根は、その雪を落とすための工夫です。,日本の世界遺産,,
q22,「シリアル・サイト」の説明として正しいものを選べ,世界で最も早く登録された遺産のこと,危機遺産リストに登録された遺産のこと,世界遺産の中でも特に人気の高い観光地のこと,共通の価値をもつ複数の場所をまとめて1つの世界遺産として登録したもの,「シリアル・サイト」とは、地理的に離れていても、歴史的・文化的・自然的なテーマや価値を共有する複数の資産をひとまとめにして登録した世界遺産のことです。,世界の世界遺産,,
q23,「トランスバウンダリー・サイト」の説明として正しいものを選べ,複数の時代にわたって改修された建築物群,危機遺産リストに登録された国際的な遺産,国の中で複数の自治体が共同で管理する世界遺産,国境を越えて複数の国にまたがる世界遺産,トランスバウンダリー・サイトとは、2か国以上の国境をまたいで存在する世界遺産のことです。,世界の世界遺産,,
q24,アメリカにある自由の女神像の正式名称は？,アメリカ独立記念像,自由と平等の女神像,自由と独立の女神,世界を照らす自由の女神,自由の女神像の正式名称は「Liberty Enlightening the World（世界を照らす自由の女神）」です。1886年にフランスからアメリカへ贈られ、ニューヨーク港のリバティ島に建てられました。,世界の世界遺産,,
q25,潜伏キリシタンの英語表記は？,Secret Catholics,Silent Catholics,Underground Christians,Hidden Christians,「潜伏キリシタン（Hidden Christians）」とは、江戸時代にキリスト教が禁じられていた時期に、信仰を密かに守り続けた人々を指します。世界遺産「長崎と天草地方の潜伏キリシタン関連遺産」にもその歴史が反映されています。,日本の世界遺産,,
q26,ドイツの世界遺産「エッセンのツォルフェライン炭鉱業遺跡群」の「ツォルフェライン」の意味は？,炭鉱同盟,鋼鉄同盟,労働同盟,関税同盟,「ツォルフェライン（Zollverein）」はドイツ語で「関税同盟」を意味します。19世紀のドイツで経済統合を進めるために結成された「ドイツ関税同盟」にちなんで名づけられました。,世界の世界遺産,,
q27,坂上田村麻呂が富士山のふもとで行ったとされることはどれですか？,富士山を初めて測量した,富士山の溶岩で武器を作った,富士山の噴火を鎮めるために登頂した,富士山の神をまつるため浅間神社を創建した,坂上田村麻呂は平安時代の武将で、富士山の噴火を鎮めるために神をまつる浅間神社を建てたと伝えられています。これが後の「浅間信仰」の始まりとされています。,日本の世界遺産,,
q28,富士山の女神として信仰されている神は誰ですか？,アマテラスオオミカミ,イザナミノミコト,ベンザイテン,コノハナサクヤヒメノミコト,コノハナサクヤヒメノミコトは、富士山の噴火を象徴する「火の神」として、また美しい花のように命を輝かせる存在として信仰されてきました。浅間神社の主祭神でもあります。,日本の世界遺産,,
q29,富士山本宮浅間大社はどのような役割をもつ神社でしょうか？,富士登山の安全を祈るお寺,火山研究を行う国立施設,富士山の噴火を観測する展望所,富士山を神としてまつる総本宮,富士山本宮浅間大社（静岡県富士宮市）は全国1300以上ある浅間神社の総本宮です。富士山そのものを神体としてまつり、登山者や信仰者の中心的拠点となっています。,日本の世界遺産,,
q30,富士山における「登拝」とは何を意味しますか？,富士山の写真を撮る観光活動,富士山周辺を自転車で巡る競技,富士山の資料を集めて展示すること,富士山に登って神に祈る宗教的行為,登拝とは、山を神聖な存在としてあがめ、その山に登ることで神とつながろうとする信仰行為です。富士山では古くから修験者や信者たちが登拝を行い、信仰の象徴となってきました。,日本の世界遺産,,
q31,江戸時代に広まった「富士講」とはどのような集まりですか？,富士山の登山ルートを研究する学者の会,富士山の絵を描く芸術家のグループ,富士山周辺の温泉を紹介する観光団体,富士山への信仰を中心に活動する信者の集まり,「富士講」は、富士山を神聖視する人々がつくった信仰集団です。江戸庶民も講を通じて富士登拝を行うようになり、信仰が広く庶民文化に根づきました。,日本の世界遺産,,
q32,「富士五湖」に含まれない湖はどれですか？,河口湖,山中湖,精進湖,芦ノ湖,富士五湖は「本栖湖・精進湖・西湖・河口湖・山中湖」です。芦ノ湖は箱根にある湖で、富士山の火山活動とは別の地形に形成されたため含まれません。,日本の世界遺産,,
q33,富士山周辺で語り継がれる「羽衣伝説」の舞台となった場所はどこですか？,河口湖,忍野八海,富士山本宮浅間大社,三保の松原,「三保の松原」は、天女が羽衣を松にかけて舞い降りたという伝説で知られています。富士山を背景にした美しい景観とともに、信仰と芸術を象徴する場所として世界遺産の構成資産に含まれています。,日本の世界遺産,,
q34,「富嶽三十六景」を描いた江戸時代の浮世絵師は誰ですか？,歌川広重,狩野永徳,伊藤若冲,葛飾北斎,「富嶽三十六景」は、葛飾北斎による富士山を題材とした浮世絵シリーズです。さまざまな角度や季節の富士山が描かれ、日本人の富士信仰と美意識を世界に広めました。,日本の世界遺産,,
q35,知床が世界自然遺産に登録された理由のひとつである「季節海氷域」とは、どのような環境を指すでしょう？,一年中氷に覆われる永久凍土の地域,湖が氷に閉ざされる高山地帯,氷河が海へ流れ込む氷河前線地帯,季節によって海面が氷で覆われたり溶けたりする地域,知床は世界でも珍しい「季節海氷域」に位置し、冬になるとオホーツク海を流氷が覆います。この流氷が海洋生態系に豊富な栄養塩をもたらし、多様な生物を支えています。,日本の世界遺産,,
q36,知床の自然が高く評価されている理由のひとつに「食物連鎖のつながり」があります。次のうち、知床の食物連鎖を最も正しく表しているのはどれでしょう？,流氷の下の植物プランクトン → 魚 → アザラシ → ホッキョクグマ,陸上植物 → シカ → オオカミ → ワシ,サンゴ → クマノミ → カメ → トド,植物プランクトン → 魚 → サケ → ヒグマ,流氷がもたらす栄養を植物プランクトンが吸収し、それを小魚やサケが食べ、さらにヒグマが捕食します。海と陸をつなぐこの食物連鎖が知床の特徴です。,日本の世界遺産,,
q37,「しれとこ100平方メートル運動」とは、どのような目的で始められた活動でしょう？,農地を拡大し地域産業を発展させるための運動,知床の観光地を広げるための都市計画,世界遺産登録を目指した署名活動,開発された土地を買い戻して自然を再生させる運動,「しれとこ100平方メートル運動」は1977年に始まった市民運動で、荒れた土地を買い取り自然を取り戻すことを目的としました。現在も続く環境保全活動です。,日本の世界遺産,,
q38,知床とフィレンツェにはある共通点があります。に当てはまるものはどれでしょう？,火山活動,文化的景観,山岳信仰,緯度が同じ,知床半島は、気候が穏やかなフィレンツェとほほ同緯度にある。,日本の世界遺産,,
q39,オホーツク海の海水が凍るのは、ユーラシア大陸を流れるアムール川から○○が流れ込むからである。○○に入る言葉は？,プランクトン,薬品,ミネラル,淡水,淡水によって海水の塩分濃度が下がり、海氷が凍る。,日本の世界遺産,,
q40,知床の海で見られる「クリオネ」はどのような生き物でしょう？,魚の一種で氷の下に巣を作る,クラゲの仲間で発光する,貝殻を持つ陸生生物,海にすむ小型の貝の仲間で、流氷の下を漂うプランクトン,クリオネは「流氷の天使」とも呼ばれる小さな貝の仲間で、オホーツク海の流氷下で生きる代表的なプランクトンです。,日本の世界遺産,,
q41,知床の川に生息する「オショロコマ」はどんな特徴を持つ魚でしょう？,熱帯の淡水魚で暖かい川に生息する,海で一生を過ごす回遊魚,海水と淡水を行き来しない湖沼性魚,冷たい淡水にすむサケ科の魚で、美しい斑点を持つ,オショロコマは冷たい川にすむサケ科の魚で、美しい体色が特徴です。知床の清流を象徴する生き物です。,日本の世界遺産,,
q42,知床を代表する動物「ヒグマ」は、生態系の中でどんな役割を果たしているでしょう？,森の樹木を伐採して生態系を変える,他の動物を絶滅に追いやる外来種,食物連鎖の下位に位置する草食動物,サケなどを食べ、海の栄養を森に運ぶ存在,ヒグマはサケを捕らえて食べ、その栄養を陸地へ運ぶことで森林の肥沃化に貢献しています。知床の「森と海をつなぐ」キーストーン種です。,日本の世界遺産,,
q43,「四川省のジャイアントパンダ保護区群」が世界遺産に登録された主な理由の一つである“絶滅危惧種の保護”に関連して、正しい説明はどれでしょう？,ジャイアントパンダは絶滅した動物である,絶滅危惧種はすべて人工繁殖のみで維持されている,絶滅危惧種とは外来種のことを指す,絶滅の危機にある生物種を保護・繁殖する対象とする,絶滅危惧種とは、個体数が減少して自然界での存続が危ぶまれている生物を指します。四川省の保護区群では、ジャイアントパンダをはじめ多くの貴重な種が守られています。,世界の世界遺産,,
q44,「北海道・北東北の縄文遺跡群」は、どの時代の人々の暮らしを伝える遺跡でしょう？,弥生時代,古墳時代,飛鳥時代,縄文時代,約1万5000年前から約2400年前の縄文時代の人々の生活や信仰を今に伝える遺跡群で、自然と共生した暮らしの跡が残されています。,日本の世界遺産,,
q45,青森県の「三内丸山遺跡」は、どのような特徴を持つ縄文遺跡でしょう？,短期間の狩猟キャンプ跡,弥生時代の稲作遺跡,戦国時代の砦跡,大型竪穴住居や高床式倉庫が見られる大規模集落跡,三内丸山遺跡は日本最大級の縄文集落で、長期間にわたり人々が定住し、社会的なつながりを築いていたことが分かる重要な遺跡です。,日本の世界遺産,,
q46,秋田県の「大湯環状列石」は、縄文人がどのような目的で築いたと考えられていますか？,農耕のための畑の境界線,住居の基礎となる建築物,狩猟の罠を設置するための目印,祭祀や埋葬のために石を並べた遺構,大湯環状列石は祭祀や埋葬の場と考えられ、縄文人の精神文化や信仰を示す代表的な遺跡です。円形に石を並べた美しい造形が特徴です。,日本の世界遺産,,
q47,縄文人が定住生活を送るようになった理由として最も適切なのはどれでしょう？,鉄器を作る技術を得たため,気候が寒冷化し移動が困難になったため,狩猟動物が減少したため,狩猟・採集・漁労によって安定した食料を得られるようになったため,縄文人は自然の恵みを活かし、狩猟・採集・漁労で安定した食料を得ることができたため、同じ場所に定住するようになりました。,日本の世界遺産,,
q48,縄文時代に使われた「黒曜石」や「アスファルト」はどのような用途に使われていたでしょう？,貨幣や装飾品としてのみ使用された,建築資材として住居の柱に使われた,火を起こす燃料として使われた,黒曜石は石器の材料、アスファルトは接着剤として使用された,黒曜石は鋭い刃物などの石器を作るため、アスファルトは道具や装飾品を固定する接着剤として用いられ、縄文人の高い技術を示しています。,日本の世界遺産,,
q49,白神山地の地形はどのような自然現象によって形成されたでしょう？,火山活動による隆起,風化作用による浸食,河川流による削剥,地殻変動による隆起,白神山地は地殻変動によって形成された隆起地帯で、起伏に富んだ地形と豊かな森が特徴です。,日本の世界遺産,,
q50,白神山地が世界自然遺産に登録された主な理由のひとつは何でしょう？,人工的に造成されたスギ林,外来種に覆われた針葉樹林,乾燥地に広がる砂漠林,原生的なブナ林が広がる森林,白神山地には人の手がほとんど入っていない原生ブナ林が広がり、温帯林の代表例として評価されています。,日本の世界遺産,,
q51,白神山地に多く見られる「固有種」とは、どのような生物のことを指すでしょう？,移動してきた外来種,人が育てた栽培種,季節により変化する渡り種,その地域にしか生息しない種,固有種とは、その地域のみに生息する独自の生物で、白神山地には多くの固有植物や昆虫が存在します。,日本の世界遺産,,
q52,白神山地に生息する「クマゲラ」はどんな鳥でしょう？,小型のキツツキ科の鳥,熱帯に生息する水鳥,渡りを行う海鳥,日本最大級のキツツキの一種,クマゲラは日本最大のキツツキで、白神山地の古木に巣を作ることから、原生林の象徴とされています。,日本の世界遺産,,
q53,白神山地に生息する「ニホンカモシカ」はどんな動物でしょう？,外国から持ち込まれた哺乳類,山岳地帯にすむ有袋類,群れをつくる草食動物,日本固有のウシ科哺乳類,ニホンカモシカは日本のみに生息するウシ科の哺乳類で、白神山地の森で単独行動をとることが多いです。,日本の世界遺産,,
q54,「アオモリマンテマ」と呼ばれる植物はどのような特徴をもつでしょう？,湿地に生えるシダ類,低地に分布する竹の仲間,外来種として持ち込まれた草本,白神山地にのみ自生する高山植物,アオモリマンテマは白神山地の冷涼な気候に適応した高山植物で、地域固有の種として知られます。,日本の世界遺産,,
q55,カナイマ国立公園の象徴的な地形「テーブルマウンテン」はどのようにできたでしょう？,火山の噴出による堆積,地震による地盤沈下,風の堆積でできた砂丘,侵食によって平らな台地が残った,テーブルマウンテンは、侵食によって周囲が削られ、平らな山頂が残った台地で、ギアナ高地特有の地形です。,世界の世界遺産,,
q56,「アンヘルの滝」は世界一の落差を誇る滝ですが、どの国にあるでしょう？,コロンビア,ペルー,ボリビア,ベネズエラ,アンヘルの滝はベネズエラにあり、979mの落差を持つ世界一高い滝として知られます。,世界の世界遺産,,
q57,ペルシア庭園の起源はどの王朝時代にさかのぼるでしょう？,ササン朝ペルシア,パルティア王朝,イスラム王朝期,アケメネス朝ペルシア,ペルシア庭園の原型はアケメネス朝ペルシアの王たちによって築かれ、自然と秩序の調和を象徴しました。,世界の世界遺産,,
q58,ペルシア庭園の思想に影響を与えた宗教はどれでしょう？,仏教,キリスト教,道教,ゾロアスター教,ゾロアスター教は光と水を神聖視する宗教で、その思想がペルシア庭園の水路や構造に反映されました。,世界の世界遺産,,
q59,ペルシア庭園の構造が「エデンの園」のイメージと結びつく理由はどれでしょう？,塔のある神殿構造,乾燥地の砂庭構造,地下回廊の設計,四つの水路で区切られた庭園構造,ペルシア庭園の「チャハル・バーグ（四分庭）」の構造は、四つの川に囲まれたエデンの園の象徴とされています。,世界の世界遺産,,
q60,「チャハル・バーグ」と呼ばれるペルシア庭園の構造とはどれでしょう？,四方に塔を立てた庭園,四神を祀る聖域,四季を象徴する庭園,四分割された十字型庭園,チャハル・バーグは庭園を十字形に分け、中央に水を配置する構造で、秩序と神聖さを象徴しています。,世界の世界遺産,,
q61,古代ローマ人がラス・メドゥラスで行った採掘法「ルイナ・モンティウム」とはどのような方法でしょう？,鉱石を焼いて融かす方法,鍾乳洞を掘り進める方法,人力で土を掘る方法,水圧で山を崩す方法,ルイナ・モンティウムとは、水を山の内部に流し込み水圧で崩す採掘法で、ラス・メドゥラスの赤い断崖がその跡です。,世界の世界遺産,,
q62,日光の山々は修験道の聖地でもありますが、「修験道」とは何を意味するでしょう？,仏典を朗読する宗派,海辺で修行する宗教,平地で布教する活動,山で修行し自然と一体化する信仰,修験道は山岳修行を通じて自然と一体化を目指す信仰で、日光山も古くから霊場とされました。,日本の世界遺産,,
q63,日光東照宮はどの人物を祀る社でしょう？,豊臣秀吉,足利義満,織田信長,徳川家康,東照宮は徳川家康を祀る神社で、豪華絢爛な彫刻と色彩豊かな装飾が特徴です。,日本の世界遺産,,
q64,「寛永の大造替」とは何を指す出来事でしょう？,神仏分離令の発令,江戸城の改築,五重塔の建設,東照宮の大改修,寛永13年（1636年）に行われた東照宮の大改修で、現在の社殿群がこのとき完成しました。,日本の世界遺産,,
q65,日光の社寺で見られた「神仏習合」とはどのような考えでしょう？,神と仏を区別して祀る思想,仏教を排除する運動,道教と融合した信仰,神と仏を一体の存在として祀る思想,神仏習合とは、日本古来の神と仏教の仏を同一視する思想で、日光の社寺でもその形が残っています。,日本の世界遺産,,
q66,佐渡島が江戸時代に栄えた最大の理由として正しいのはどれでしょう？,交通の要地として栄えたから,農業が盛んであったから,外国貿易の拠点だったから,豊富な金鉱脈が発見されたから,佐渡島は金鉱脈の発見によって幕府直轄地となり、日本最大級の金銀生産地として繁栄しました。,日本の世界遺産,,
q67,『古事記』における佐渡島の記述として正しいのはどれでしょう？,登場しない地域として描かれている,海外の伝説地として登場する,人物の生誕地として語られる,イザナミが生んだ8つの島の7番目に生まれた島,『古事記』には佐渡島が日本の国土の一部として登場し、古くから日本の領域として認識されていました。,日本の世界遺産,,
q68,西三川砂金山で行われていた採掘方法として正しいのはどれでしょう？,火薬を使った発破採掘,地下坑道を掘る坑内採掘,海辺を掘削する沿岸採掘,川底の砂金を採取する砂金採掘,西三川砂金山では川底に堆積した砂金を採取する方法が行われ、日本最古級の砂金採掘地とされています。,日本の世界遺産,,
q69,江戸幕府の経済を支えた相川鶴子金銀山の特徴として正しいのはどれでしょう？,私的経営の金鉱山であった,海外企業により運営された,戦国大名の直轄鉱山であった,幕府直轄の金銀生産拠点であった,相川鶴子金銀山は幕府直轄の金銀生産地として整備され、江戸の財政を支える重要な役割を果たしました。,日本の世界遺産,,
q70,「道遊の割戸」とは佐渡金山のどのような特徴的景観を指すでしょう？,溶岩で埋まった山の跡,風化で削られた岩の谷,地震で裂けた山の割れ目,採掘によって山が割れた跡,道遊の割戸は金採掘を続けた結果、山の中央が大きく割れた跡であり、佐渡金山を象徴する風景です。,日本の世界遺産,,
q71,奥州藤原氏の初代・藤原清衡が建立した寺院として正しいのはどれでしょう？,東大寺,延暦寺,金閣寺,中尊寺,藤原清衡は戦乱で亡くなった人々を弔うために中尊寺を建立し、平和と浄土を願う文化の礎を築きました。,日本の世界遺産,,
q72,平泉の建築群に込められた思想として正しいのはどれでしょう？,修験道思想,陰陽道思想,道教思想,浄土思想,浄土思想とは、阿弥陀仏の極楽浄土を現世に再現する考え方で、平泉の庭園や寺院の配置に反映されています。,日本の世界遺産,,
q73,「奥州」とは現在のどの地域を指す言葉でしょう？,北海道地方,関東地方,北陸地方,東北地方,奥州は東北地方の古称で、平泉はその政治・文化の中心として栄えました。,日本の世界遺産,,
q74,「仏国土（浄土）」とはどのような世界を意味する言葉でしょう？,人間が暮らす現世,僧侶が修行する山岳,神々が住む天界,仏が治める理想の世界,仏国土（浄土）は仏が治める清らかで平和な理想世界を指し、平泉ではその再現を目指した建築が造られました。,日本の世界遺産,,
q75,中尊寺金色堂の特徴として最も正しいのはどれでしょう？,石造りの仏堂,木造の漆黒堂,茅葺き屋根の建築,金箔で覆われた阿弥陀堂,金色堂は内部も外部も金箔で装飾され、阿弥陀如来を中心に藤原三代の遺体が安置されています。,日本の世界遺産,,
q76,平泉の「構成資産」に含まれない施設として正しいのはどれでしょう？,毛越寺,無量光院跡,観自在王院跡,東大寺,東大寺は奈良にある別の世界遺産で、平泉の構成資産には含まれていません。,日本の世界遺産,,
q77,浄土庭園の配置は阿弥陀仏の極楽浄土を表していますが、それはどの方角を象徴しているでしょう？,東方,南方,北方,西方,浄土思想では阿弥陀仏の極楽は西方にあるとされ、平泉の庭園も西を正面に設計されています。,日本の世界遺産,,
q78,タージ・マハルを建設した王朝として正しいのはどれでしょう？,オスマン帝国,サファヴィー朝,グプタ王朝,ムガル帝国,タージ・マハルはムガル帝国第5代皇帝シャー・ジャハーンによって建設された、イスラーム建築の最高傑作です。,世界の世界遺産,,
q79,タージ・マハルを建立した人物として正しいのは誰でしょう？,アクバル大帝,バーブル帝,アウラングゼーブ,シャー・ジャハーン,シャー・ジャハーンは亡き妻ムムターズ・マハルのためにタージ・マハルを建設し、愛と哀悼の象徴としました。,世界の世界遺産,,
q80,タージ・マハルが建てられた目的として正しいのはどれでしょう？,王の戴冠を記念して建てられた,王国の勝利を記念して建てられた,皇帝の宮殿として建てられた,皇妃ムムターズ・マハルの霊廟として建てられた,タージ・マハルは皇帝シャー・ジャハーンが愛妃ムムターズ・マハルのために建てた白大理石の霊廟です。,世界の世界遺産,,
q81,タージ・マハルの建築的特徴として最もよく知られているのはどれでしょう？,不規則な配置の庭園,非対称の回廊構造,直線的な階段配置,完全な左右対称の構造,タージ・マハルは敷地全体が左右対称に設計され、建物・庭園・水路が調和した美を生み出しています。,世界の世界遺産,,
q82,富岡製糸場が建設された背景にある近代化政策の契機は何でしょう？,江戸幕府の鎖国政策,鎌倉幕府の改革政策,江戸時代の農政改革,明治維新による近代化政策,明治維新後、日本は西洋の技術を導入し、近代国家を目指す中で製糸業を発展させました。,日本の世界遺産,,
q83,富岡製糸場の建設目的として最も正しいのはどれでしょう？,外国貿易の制限,農業生産の拡大,軍需工場の設立,殖産興業の模範工場として建設された,殖産興業とは、国の産業を育てる政策であり、富岡製糸場はその象徴として1872年に建てられました。,日本の世界遺産,,
q84,富岡製糸場の建設に大きく関わったフランス人技術者は誰でしょう？,ルイス・ベーリング,エドワード・モース,アルベール・シャルボン,ポール・ブリュナ,ポール・ブリュナはフランス人技術者で、製糸技術を日本に伝え、富岡製糸場の建設を指導しました。,日本の世界遺産,,
q85,富岡製糸場が完成したのは西暦何年でしょう？,1868年,1875年,1889年,1872年,富岡製糸場は1872年に設立された日本初の官営模範製糸場で、世界に日本の絹を広める拠点となりました。,日本の世界遺産,,
q86,富岡製糸場の発展を支えた生産活動として正しいのはどれでしょう？,製鉄,林業,農耕,養蚕,製糸業は蚕から糸を取る「養蚕」と密接に関係し、良質な生糸を作るための養蚕技術が発展しました。,日本の世界遺産,,
q87,富岡製糸場の建物に使われた特徴的な構造はどれでしょう？,石造りの回廊建築,木造平屋の草葺き建物,鉄骨コンクリート構造,木骨レンガ造りの構造,富岡製糸場は木の骨組みにレンガを組み合わせた「木骨レンガ造り」で、和と洋の技術を融合しています。,日本の世界遺産,,
q88,富岡製糸場に見られる「コロニアル様式」とはどのような建築特徴を指すでしょう？,中国風の装飾を持つ様式,ゴシック風の装飾を持つ様式,アジア各国の木造様式,西洋と日本の建築要素を融合した様式,コロニアル様式は西洋の技術に日本の建築様式を取り入れたもので、富岡製糸場の独自性を高めています。,日本の世界遺産,,
q89,養蚕における「清温育」とは、どのような飼育方法でしょう？,自然任せの放牧育,水分を多く与える湿育法,常に高温を保つ温育法,温度と湿度を一定に保つ育蚕法,清温育とは、室温と湿度を一定に管理して蚕を健康に育てる方法で、安定した生糸の生産を実現しました。,日本の世界遺産,,
q90,「蚕種（さんしゅ）」とは何を指す言葉でしょう？,絹織物の染料,蚕の飼料となる植物,生糸の計量単位,蚕の卵（まゆのもと）,蚕種は蚕の卵を指し、養蚕の品質を決める重要な要素として管理されていました。,日本の世界遺産,,
q91,「清涼育」はどのような環境で行う養蚕法でしょう？,蒸気で加温した室内,密閉された高温環境,地中で温度を保つ方式,自然の風通しを利用した涼しい環境,清涼育は自然の風通しを活かして蚕を育てる伝統的な方法で、夏季に行われることが多い育蚕法です。,日本の世界遺産,,
q92,ダーウェント峡谷の工場群の形成に大きく貢献した人物は誰でしょう？,ジェームズ・ワット,エドワード・カートライト,サミュエル・クロンプトン,リチャード・アークライト,アークライトは水力紡績機を開発し、世界初の近代的な工場システムを確立したことで知られています。,世界の世界遺産,,
q93,ダーウェント峡谷の工場群が世界遺産に登録された理由として正しいのはどれでしょう？,建築様式の独自性,農業技術の発展,鉱山技術の改良,近代的な紡績技術の発展,ダーウェント峡谷では18世紀に近代的な紡績工場が誕生し、産業革命の原点となりました。,世界の世界遺産,,
q94,「近代建築の父」と呼ばれ、世界各地に革新的な建築を残した建築家は誰でしょう？,フランク・ロイド・ライト,ミース・ファン・デル・ローエ,アントニ・ガウディ,ル・コルビュジエ,ル・コルビュジエは20世紀建築に大きな影響を与え、住宅思想や都市計画の概念を刷新しました。,日本の世界遺産,,
q95,日本にあるル・コルビュジエの作品として正しいものはどれでしょう？,東京国立博物館,京都国立近代美術館,奈良国立文化財研究所,国立西洋美術館,国立西洋美術館はル・コルビュジエが設計した唯一の日本の建築作品で、1959年に開館しました。,日本の世界遺産,,
q96,「シリアル・サイト」とは世界遺産においてどのような意味でしょう？,一つの地域だけで構成された遺産,自然と文化が一体化した遺産,複数の国をまたぐ遺産,複数の関連する資産で構成された遺産,シリアル・サイトとは、共通の価値を持つ複数の資産で一つの世界遺産を構成する形式を指します。,世界の世界遺産,,
q97,「トランスバウンダリー・サイト」とはどのような遺産を指すでしょう？,一つの都市に集中する遺産,自然保護を目的とした遺産,文化財と自然が混在する遺産,複数の国にまたがって登録された遺産,トランスバウンダリー・サイトとは、国境を越えて複数の国が共有する世界遺産を指します。,世界の世界遺産,,
q98,ル・コルビュジエが提唱した「近代建築の五原則」に含まれないものはどれでしょう？,自由な平面構成,自由なファサード,連続するリボン窓,木造梁の装飾天井,ル・コルビュジエは建築を機能的にするため、ピロティ・屋上庭園・水平窓などを提唱しました。,日本の世界遺産,,
q99,国立西洋美術館の設立に関係する「松方コレクション」とは何でしょう？,日本各地の民芸品,奈良時代の彫刻群,東南アジアの陶磁器,西洋美術を中心とする絵画・彫刻の収集品,松方コレクションは実業家・松方幸次郎が収集した美術品で、国立西洋美術館の核となりました。,日本の世界遺産,,
q100,ル・コルビュジエが提唱した「無限成長美術館」とは、どのような考え方でしょう？,展示室を地下に拡張する構想,限定的な展示を繰り返す構想,建物を解体しながら再建する構想,展示空間を螺旋状に無限に拡張できる構想,無限成長美術館は、建物を螺旋状に増築していくことで発展するという革新的な美術館構想です。,日本の世界遺産,,
q101,ル・コルビュジエが提唱した建築の特徴「ピロティ」とは何でしょう？,屋根の換気装置,壁面の装飾技法,窓の配置デザイン,建物を支える柱による空間構造,ピロティは地面から建物を持ち上げる柱の構造で、風通しと開放性を高める近代建築の象徴です。,日本の世界遺産,,
q102,ル・コルビュジエが考案した「モデュロール」は何を基準にした設計体系でしょう？,機械の寸法を基準とする,建物の規模を基準とする,自然界の比率を基準とする,人体の寸法と黄金比を基準とする,モデュロールは人間の寸法と黄金比をもとにした設計基準で、建築と人間の調和を目的としました。,日本の世界遺産,,
q103,「ムザブの谷」を築いた民族として正しいのはどれでしょう？,アラブ人,フェニキア人,サハラ人,ベルベル人,ムザブの谷は北アフリカの先住民族ベルベル人によって築かれ、独自の集落構造と宗教的秩序を保っています。,世界の世界遺産,,
q104,ムザブの谷で信仰されるイスラームの一派として正しいのはどれでしょう？,スンナ派,シーア派,ワッハーブ派,イバード派,イバード派はイスラームの初期に成立した穏健な教義を持つ一派で、ムザブの谷では今もその信仰が続いています。,世界の世界遺産,,
q105,ムザブの谷にベルベル人が移り住んだ背景として関係のある王朝はどれでしょう？,アッバース朝,ファーティマ朝,サーマーン朝,ウマイヤ朝,ウマイヤ朝の支配に対する反発から、イバード派の人々が逃れ、ムザブの谷に定住したとされています。,世界の世界遺産,,
q106,ムザブの谷における中心都市として正しいのはどれでしょう？,ティミムーン,タマンラセット,ティパサ,ガルダイア,ガルダイアはムザブの谷の主要都市で、宗教的中心地としても重要な役割を果たしています。,世界の世界遺産,,
q107,小笠原諸島が世界自然遺産に登録された理由として最も適切なのはどれでしょう？,活火山の活動が見られるため,鉱物資源が豊富なため,漁業が盛んなため,特異な生態系と多様な固有種を持つため,小笠原諸島は「東洋のガラパゴス」とも呼ばれ、多くの固有種が進化した独自の生態系が評価されています。,日本の世界遺産,,
q108,小笠原諸島の生物相を特徴づける「固有種」とはどのような生物でしょう？,外国から持ち込まれた種,他地域でも見られる一般的な種,季節ごとに移動する渡り種,その地域にしか生息しない種,固有種とは、その地域にのみ存在する生物のことで、小笠原諸島には世界的にも珍しい種が多く見られます。,日本の世界遺産,,
q109,小笠原諸島の固有種として特に知られているのはどのグループでしょう？,海洋哺乳類,珊瑚類,陸上昆虫類,陸産貝類,小笠原諸島では陸産貝類の固有種が多く、独自の進化を遂げた代表的な生物群となっています。,日本の世界遺産,,
q110,小笠原諸島の生態系で見られる「適応放散」とはどのような現象でしょう？,他地域への移動拡散,季節的な休眠,突然変異の停止,同じ祖先から多様な種に分化する現象,適応放散とは、1つの祖先種が環境に合わせて多様な種に進化することを指し、小笠原諸島で顕著に見られます。,日本の世界遺産,,
q111,小笠原諸島で問題となっている外来種の影響として最も正しいのはどれでしょう？,森林の成長を促進する,在来種を守る働きをする,生態系の多様性を高める,在来種を駆逐し生態系を乱す,外来種の侵入により在来生物の生息環境が脅かされており、保全活動が進められています。,日本の世界遺産,,
q112,小笠原諸島で確認される「ボニナイト」とはどのようなものを指すでしょう？,海洋生物の化石,熔岩の一種,火山灰の堆積層,世界的にも珍しい火山岩の一種,ボニナイトは高温高圧下で形成される火山岩で、小笠原諸島の地質的特異性を示す重要な証拠です。,日本の世界遺産,,
q113,ガラパゴス諸島でダーウィンが観察した「フィンチ」はどのような特徴を持つ鳥でしょう？,渡り鳥として世界中に生息する,鮮やかな羽を持つ水鳥,夜行性の狩猟鳥,島ごとにくちばしの形が異なる鳥,フィンチは島ごとにくちばしの形が異なり、ダーウィンの進化論に大きな影響を与えました。,世界の世界遺産,,
q114,ガラパゴス諸島を訪れた際に進化論の着想を得た人物は誰でしょう？,アルフレッド・ウェゲナー,ジェームズ・クック,アルベルト・アインシュタイン,チャールズ・ダーウィン,ダーウィンは1835年にビーグル号でガラパゴスを訪れ、島ごとの生物の違いから進化の法則を考察しました。,世界の世界遺産,,
q115,ガラパゴス諸島の名の由来となった動物として正しいのはどれでしょう？,イグアナ,ペンギン,フラミンゴ,ゾウガメ,「ガラパゴス」はスペイン語で「ゾウガメ」を意味し、この巨大な陸ガメが島の象徴となっています。,世界の世界遺産,,
q116,ガラパゴス諸島が一時的に危機遺産リストに登録された理由として最も適切なのはどれでしょう？,火山活動の停止,観光客の減少,地震による崩壊,外来種の影響による生態系の危機,ガラパゴス諸島では外来種の侵入により固有生物が脅かされ、一時的に危機遺産リストに登録されました。,世界の世界遺産,,
q117,「ウルル」の別名として知られる名称はどれでしょう？,マウント・オルガ,キングズ・キャニオン,レイク・エアー,エアーズ・ロック,ウルルはエアーズ・ロックとも呼ばれ、オーストラリア先住民アボリジニにとって聖地とされています。,世界の世界遺産,,
q118,「ウルル」と並んで公園を構成するもう一つの岩山群の名称はどれでしょう？,マウント・ケア,レイク・マクドネル,オルガ・ロックス,カタ・ジュタ,カタ・ジュタは「多くの頭」という意味を持つ岩山群で、ウルルとともに聖地とされています。,世界の世界遺産,,
q119,「ウルル」が世界最大級とされる特徴は何でしょう？,火山の噴出口,鉱山跡の地層,砂丘の堆積物,一枚岩で構成された岩山,ウルルは高さ348m、周囲約9.4kmの巨大な一枚岩で、世界最大級のモノリスとして知られます。,世界の世界遺産,,
q120,ウルルがアボリジニにとって聖地とされる理由として最も適切なのはどれでしょう？,金鉱が採掘できたため,交易の中心地であったため,風の強い地形であったため,神話と祖先の伝承が宿る場所だから,アボリジニはウルルを祖先の精霊が宿る神聖な地と考え、独自の神話を今も語り継いでいます。,世界の世界遺産,,
q121,白川郷・五箇山の合掌造り集落がある地域の特徴として正しいのはどれでしょう？,温暖な沿岸地域,乾燥した高原地域,風の強い海岸地域,豪雪地帯,豪雪地帯の環境に適応するため、合掌造りの急傾斜屋根が発達しました。,日本の世界遺産,,
q122,合掌造りの屋根の「妻」とはどの部分を指す言葉でしょう？,屋根の中心部分,屋根の下の梁,屋根の内部構造,屋根の三角形の側面部分,屋根の妻とは、合掌屋根の三角形の側面部分で、雪を落としやすくするための工夫がされています。,日本の世界遺産,,
q123,合掌造り住宅の屋根裏部分はどのような用途に使われていたでしょう？,貯水場,炊事場,祭具の保管庫,養蚕場,合掌造りの屋根裏は通気性が良く、蚕を飼育する「養蚕場」として利用されていました。,日本の世界遺産,,
q124,白川郷で行われていた「塩硝」づくりとは何のための材料生産でしょう？,木工品の染料,織物の漂白剤,医薬品の原料,火薬の原料,塩硝は火薬の原料で、山間の村での重要な換金物資として製造されていました。,日本の世界遺産,,
q125,白川郷・五箇山の集落で見られた家族制度として正しいのはどれでしょう？,核家族制,単身制度,婚姻共同制,大家族制,合掌造り住宅は大人数での共同生活に適しており、家族全員で養蚕や農作業に従事していました。,日本の世界遺産,,
q126,合掌造りを高く評価したドイツ人建築家として知られる人物は誰でしょう？,ル・コルビュジエ,アントニン・レーモンド,フランク・ロイド・ライト,ブルーノ・タウト,ブルーノ・タウトは日本各地の建築美を称賛し、合掌造りを「機能美の極致」と評価しました。,日本の世界遺産,,
q127,合掌造りの維持に欠かせない地域の共同作業を何と呼ぶでしょう？,和,縁,輪,結,「結（ゆい）」とは村人が助け合って行う共同作業のことで、屋根の葺き替えなどに欠かせない伝統です。,日本の世界遺産,,
q128,アルベロベッロで見られる「トゥルッリ」とはどのような建物でしょう？,石造りの城塞,木造の農家,移動式の住居,石灰岩を積み上げた円形の家屋,トゥルッリは石灰岩を積み上げて作られた円形の家で、屋根が円錐形なのが特徴です。,世界の世界遺産,,
q129,「アルベロベッロ」はどの国にある世界遺産でしょう？,スペイン,ギリシャ,フランス,イタリア,アルベロベッロはイタリア南部プッリャ州にある町で、独特のトゥルッリの街並みが残ります。,世界の世界遺産,,
q130,トゥルッリの特徴である「円錐形の屋根」はどのような理由で作られたでしょう？,雨水を貯めるため,光を反射させるため,風を取り入れるため,解体しやすくするため,トゥルッリは税を逃れるため、屋根を簡単に崩せるよう円錐形に積み上げたと伝えられています。,世界の世界遺産,,
q131,トゥルッリが発展した当時、この地を支配していた王国はどれでしょう？,サヴォイア王国,シチリア王国,サルデーニャ王国,ナポリ王国,当時アルベロベッロはナポリ王国領で、地主が課税を避けるため簡易構造の家屋を奨励しました。,世界の世界遺産,,
q132,平安京を建設した天皇として正しいのは誰でしょう？,聖武天皇,光仁天皇,嵯峨天皇,桓武天皇,桓武天皇は794年に平安京を造営し、京都は日本の首都として千年以上の歴史を持つ都市となりました。,日本の世界遺産,,
q133,平安京が造られた際の都市設計の特徴として正しいものはどれでしょう？,放射状の道路網,不規則な街路構造,迷路型の配置,碁盤の目状の区画,平安京は唐の長安をモデルに、碁盤の目のように整然と区画された都でした。,日本の世界遺産,,
q134,東寺とともに都の南側を守るために建てられた寺院はどれでしょう？,南禅寺,延暦寺,醍醐寺,西寺,西寺は東寺と対をなす寺院として建てられましたが、現在は跡地のみが残っています。,日本の世界遺産,,
q135,比叡山にある延暦寺を開いた僧として正しいのは誰でしょう？,空海,行基,最澄,最澄,最澄は延暦寺を開き、日本仏教の基礎を築きました。天台宗の総本山として知られます。,日本の世界遺産,,
q136,京都の街が大きな被害を受けた戦乱として正しいのはどれでしょう？,承久の乱,元寇,保元の乱,応仁の乱,応仁の乱（1467～1477）は京都を荒廃させ、戦国時代の幕開けとなった内乱です。,日本の世界遺産,,
q137,セーヌ河岸に建つノートルダム大聖堂の建築様式として正しいのはどれでしょう？,バロック様式,ルネサンス様式,ロマネスク様式,ゴシック様式,ノートルダム大聖堂は13世紀に完成したゴシック建築の代表作で、精緻なステンドグラスが特徴です。,世界の世界遺産,,
q138,サント・シャペルが建てられた主な目的として正しいのはどれでしょう？,王の即位式のため,市民集会のため,学者の講義のため,聖遺物を安置するため,サント・シャペルは聖遺物（キリストの茨の冠）を安置するために建てられた礼拝堂です。,世界の世界遺産,,
q139,ナポレオン1世の墓がある施設として正しいのはどれでしょう？,コンコルド広場,パンテオン,凱旋門,アンヴァリッド,アンヴァリッドは17世紀に建てられた軍人の療養施設で、現在はナポレオンの墓所となっています。,世界の世界遺産,,
q140,エッフェル塔が建てられた目的として正しいのはどれでしょう？,パリ万国博覧会の記念,王族の住居として,軍事用通信塔として,王政復古を記念するため,エッフェル塔は1889年のパリ万博を記念して建てられた鉄骨構造の塔です。,世界の世界遺産,,
q141,「セーヌ右岸」に多く見られる建物の特徴として正しいのはどれでしょう？,宗教施設が集中している,工業地帯が広がっている,自然公園が点在している,官庁街や商業地区が多い,セーヌ右岸にはルーブル美術館やオペラ座など、官庁や商業の中心が集まります。,世界の世界遺産,,
q142,現在ルーブル美術館となっている建物のもともとの用途として正しいのはどれでしょう？,教会堂,劇場,市庁舎,王宮,ルーブル宮は中世の要塞から王宮に改築され、のちに世界最大級の美術館となりました。,世界の世界遺産,,
q143,「カルティエ・ラタン」地区の特徴として正しいのはどれでしょう？,官庁街,住宅街,商業地区,学問と学生の街,カルティエ・ラタンはセーヌ左岸に位置し、ソルボンヌ大学を中心に学生街として発展しました。,世界の世界遺産,,
q144,奈良時代に花開いた文化として知られるのはどれでしょう？,鎌倉文化,室町文化,桃山文化,天平文化,天平文化は奈良時代を代表する国際色豊かな文化で、唐やシルクロードの影響を受けた芸術が栄えました。,日本の世界遺産,,
q145,奈良時代に編纂された日本最古の和歌集として正しいのはどれでしょう？,古今和歌集,新古今集,應永集,万葉集,『万葉集』は約4500首の歌を収めた日本最古の和歌集で、奈良時代の人々の暮らしや心情を伝えます。,日本の世界遺産,,
q146,東大寺の建立を命じた天皇として正しいのは誰でしょう？,文武天皇,元明天皇,光明天皇,聖武天皇,聖武天皇は国家の安泰を願い、東大寺の大仏（廬舎那仏）建立を命じました。,日本の世界遺産,,
q147,東大寺の大仏「廬舎那仏」は何を象徴する仏でしょう？,智慧を司る仏,慈悲を司る仏,修行を司る仏,宇宙の真理を体現する仏,廬舎那仏は宇宙全体に遍満する仏とされ、国家の繁栄と平和を願って造られました。,日本の世界遺産,,
q148,東大寺大仏建立に関して発せられた聖武天皇の「詔」はどのようなものだったでしょう？,造営中止を命じた詔,農民の徴税を免除する詔,戦争勝利を祝う詔,盧舎那仏造立の詔,「盧舎那仏造立の詔」は国の平和を祈るために大仏を建立するよう命じた勅命でした。,日本の世界遺産,,
q149,奈良の薬師寺の本尊として正しいものはどれでしょう？,阿弥陀如来,釈迦如来,千手観音,薬師如来,薬師寺は病を癒す仏として信仰される薬師如来を本尊とし、天武天皇の発願で創建されました。,日本の世界遺産,,
q150,鑑真和上が日本で果たした主な功績として正しいものはどれでしょう？,書道を伝えた,書物を編纂した,医学を広めた,戒律を伝えた,鑑真は唐から渡来し、僧侶に戒律を授ける制度を日本に伝えました。唐招提寺ゆかりの人物。,日本の世界遺産,,
q151,奈良時代の政治制度確立に貢献した人物として正しいのは誰でしょう？,中臣鎌足,大伴家持,行基,藤原不比等,藤原不比等は律令制度の整備に尽力し、藤原氏の政治的基盤を築きました。,日本の世界遺産,,
q152,フィレンツェが中心となって発展した文化運動として正しいのはどれでしょう？,バロック,ロココ,ロマン主義,ルネサンス,フィレンツェはルネサンスの発祥地であり、芸術・科学・思想が大きく進歩しました。,世界の世界遺産,,
q153,フィレンツェで文化の発展を支援した有力な家系として正しいのはどれでしょう？,ボルジア家,スフォルツァ家,モンテフィオリ家,メディチ家,メディチ家は金融で富を築き、芸術家を支援してルネサンス文化を開花させました。,世界の世界遺産,,
q154,「最後の晩餐」「モナ・リザ」などを描いた芸術家として正しいのは誰でしょう？,ラファエロ,ドナテッロ,ティツィアーノ,レオナルド・ダ・ヴィンチ,ダ・ヴィンチは芸術と科学を融合させた天才として、ルネサンスを象徴する人物です。,世界の世界遺産,,
q155,フィレンツェの「ダヴィデ像」を制作した芸術家として正しいのは誰でしょう？,ボッティチェリ,ブルネレスキ,ジョット,ミケランジェロ,ミケランジェロは彫刻・建築・絵画で活躍し、「ダヴィデ像」は彼の代表作の一つです。,世界の世界遺産,,
q156,「ヴィーナスの誕生」や「春（プリマヴェーラ）」を描いた画家として正しいのは誰でしょう？,カラヴァッジョ,ラファエロ,マザッチョ,ボッティチェリ,ボッティチェリはメディチ家に保護された画家で、神話を題材にした優美な作品を多く残しました。,世界の世界遺産,,
q157,法隆寺の建立に深く関わった人物として正しいのは誰でしょう？,推古天皇,蘇我馬子,中臣鎌足,聖徳太子,聖徳太子は仏教の興隆を進め、法隆寺を創建したと伝えられる人物です。,日本の世界遺産,,
q158,日本で初めて仏教を国家的に保護した天皇として正しいのは誰でしょう？,持統天皇,天智天皇,元明天皇,推古天皇,推古天皇の時代に聖徳太子が摂政として活躍し、仏教が政治と結びつきました。,日本の世界遺産,,
q159,聖徳太子が制定した制度として正しいものはどれでしょう？,大宝律令,公地公民制,壬申の乱,冠位十二階,冠位十二階は才能によって官位を与える制度で、能力主義の始まりとされています。,日本の世界遺産,,
q160,聖徳太子が制定した政治理念を示す文書として正しいのはどれでしょう？,延喜式,養老律令,弘仁格式,十七条憲法,十七条憲法は道徳や調和を重視し、仏教と儒教の思想を融合した政治理念を示しました。,日本の世界遺産,,
q161,「伽藍」とは何を意味する言葉でしょう？,経典を指す言葉,仏像を指す言葉,修行僧を指す言葉,寺院の建物群を指す言葉,伽藍とは、仏教寺院の主要建築物を含む建物群のことを指します。,日本の世界遺産,,
q162,法隆寺の建物群が特に評価されている理由として正しいのはどれでしょう？,石造建築の保存状態が良い,漆喰壁の技法が残る,彫刻装飾が華麗である,世界最古の木造建築が残る,法隆寺は7世紀建立の建物が現存する世界最古の木造建築群として知られます。,日本の世界遺産,,
q163,法隆寺が建てられた時代として正しいのはどれでしょう？,奈良時代,平安時代,鎌倉時代,飛鳥時代,法隆寺は飛鳥時代の仏教文化を伝える代表的な建築物群です。,日本の世界遺産,,
q164,法隆寺の建築技法で見られる「エンタシスの柱」とはどのような特徴でしょう？,柱が四角く削られている,柱の上部が細くなっている,柱の中央がへこんでいる,柱の中央がふくらんでいる,エンタシスの柱は中央がふくらんだ形状で、視覚的な安定感を与える建築技法です。,日本の世界遺産,,
q165,イスタンブルはどの海峡に面している都市でしょう？,ジブラルタル海峡,マラッカ海峡,ホルムズ海峡,ボスフォラス海峡,ボスフォラス海峡はヨーロッパとアジアを隔てる海峡で、イスタンブルの発展に重要な役割を果たしました。,世界の世界遺産,,
q166,イスタンブルが位置するアジア側の地域名として正しいのはどれでしょう？,バルカン半島,カフカス地方,シナイ半島,アナトリア半島,イスタンブルはヨーロッパとアジアの境界にあり、アジア側はアナトリア半島に属します。,世界の世界遺産,,
q167,イスタンブルの北西側に位置するヨーロッパ地域の名称として正しいのはどれでしょう？,カムチャツカ半島,アラビア半島,イベリア半島,バルカン半島,バルカン半島はヨーロッパ南東部に位置し、古くから多民族が交わる地域です。,世界の世界遺産,,
q168,イスタンブルが首都として栄えた帝国として正しいのはどれでしょう？,ビザンツ帝国,セルジューク朝,サファヴィー朝,オスマン帝国,オスマン帝国は15世紀にイスタンブルを征服し、以後約500年間その首都としました。,世界の世界遺産,,
q169,アヤ・ソフィアはもともと何として建てられた建物でしょう？,イスラムのモスク,交易市場,王族の宮殿,キリスト教の大聖堂,アヤ・ソフィアはビザンツ帝国時代に大聖堂として建設され、後にモスクに転用されました。,世界の世界遺産,,
q170,紀伊山地の「参詣道」として登録されているものに含まれないのはどれでしょう？,熊野古道,高野山町石道,吉野・大峯道,東海道,東海道は主要街道ですが、世界遺産「紀伊山地の霊場と参詣道」には含まれていません。,日本の世界遺産,,
q171,紀伊山地の信仰に見られる「神仏習合」とはどのような考え方でしょう？,神と仏を区別して祀る思想,仏教を排除する思想,神を仏より上位に置く思想,神と仏を一体として信仰する思想,神仏習合とは、日本独自の信仰形態で、神と仏が一体とみなされました。,日本の世界遺産,,
q172,「文化的景観」としての紀伊山地が評価された理由として正しいのはどれでしょう？,工業化の象徴であるため,都市文化の発展を示すため,近代建築が集中しているため,自然と信仰が調和しているため,紀伊山地では自然と人間の信仰が調和し、文化的景観として高く評価されました。,日本の世界遺産,,
q173,熊野信仰に登場する「八咫烏」は何を象徴する存在でしょう？,武力の象徴,豊穣の象徴,平和の象徴,導きの神の使い,八咫烏は導きの神の使いとされ、熊野詣での道案内役とされています。,日本の世界遺産,,
q174,神話で八咫烏が導いたとされる人物として正しいのは誰でしょう？,崇神天皇,景行天皇,神武天皇,神武天皇,八咫烏は神武天皇の東征を導いたとされ、日本神話に登場します。,日本の世界遺産,,
q175,熊野信仰に影響を与えた思想として正しいのはどれでしょう？,地蔵信仰,薬師信仰,毘沙門信仰,阿弥陀信仰,熊野信仰は阿弥陀信仰と結びつき、死後の極楽往生を願う思想が広まりました。,日本の世界遺産,,
q176,高野山を開いた真言宗の開祖として正しいのは誰でしょう？,最澄,行基,鑑真,空海,空海（弘法大師）は高野山を開き、真言密教を広めました。,日本の世界遺産,,
q177,明治時代に行われた「神仏分離令」により、紀伊山地の信仰にどのような変化が起こったでしょう？,神と仏の融合が進んだ,仏教建築が増加した,外国の宗教が導入された,神と仏の信仰が分離された,明治初期の神仏分離令により、熊野三山などでは神と仏が分離され、仏教的要素が一時的に排除されました。,日本の世界遺産,,
q178,サンティアゴ・デ・コンポステーラの巡礼路の目的地で祀られている聖人は誰でしょう？,聖ペテロ,聖パウロ,聖ヨハネ,聖ヤコブ,聖ヤコブ（サンティアゴ）はイエスの使徒の一人で、スペインの守護聖人として信仰されています。,世界の世界遺産,,
q179,中世の三大巡礼地のひとつとして、サンティアゴと並んで信仰の対象となった都市はどれでしょう？,メッカ,アテネ,ローマ,エルサレム,中世ヨーロッパでは、エルサレム、ローマ、サンティアゴ・デ・コンポステーラが三大巡礼地とされました。,世界の世界遺産,,
q180,サンティアゴ・デ・コンポステーラと同様、キリスト教の巡礼地として知られるヴァチカンの大聖堂はどれでしょう？,サンタ・マリア大聖堂,サンタ・クローチェ大聖堂,サンタ・クララ大聖堂,サン・ピエトロ大聖堂,ヴァチカンのサン・ピエトロ大聖堂は、キリスト教最大の聖地の一つで、世界中の信徒が巡礼に訪れます。,世界の世界遺産,,
q181,巡礼者が身につける「ホタテガイの印」は何を象徴しているでしょう？,海の豊かさ,商人の証,罪の許し,巡礼の達成,ホタテガイの印はサンティアゴ巡礼を終えた証として使われ、信仰と旅の象徴です。,世界の世界遺産,,
q182,百舌鳥・古市古墳群の中で最大規模を誇る古墳はどれでしょう？,応神天皇陵古墳,履中天皇陵古墳,仲哀天皇陵古墳,仁徳天皇陵古墳（大仙古墳）,大仙古墳は全長約486mで、日本最大の前方後円墳として知られます。,日本の世界遺産,,
q183,百舌鳥・古市古墳群が築かれた当時、支配していた勢力として正しいのはどれでしょう？,飛鳥政権,平安政権,奈良朝廷,ヤマト王権,ヤマト王権は日本列島を統一しつつあった勢力で、大王を中心とした政治体制が形成されました。,日本の世界遺産,,
q184,古市エリアで代表的な大型古墳として知られるのはどれでしょう？,中山古墳,船塚古墳,塚廻古墳,応神天皇陵古墳（誉田御廟山古墳）,応神天皇陵古墳は古市古墳群を代表する巨大前方後円墳で、ヤマト王権の勢力を示しています。,日本の世界遺産,,
q185,百舌鳥・古市古墳群は合計いくつの古墳で構成されているでしょう？,30件35基,40件45基,50件55基,45件49基,百舌鳥・古市古墳群は百舌鳥エリアと古市エリアにまたがり、合計45件49基の古墳から成ります。,日本の世界遺産,,
q186,古墳の周囲に並べられた「埴輪」は何のために置かれたものでしょう？,農作物を育てるため,照明として使うため,建築資材として使うため,儀式や葬送のため,埴輪は葬送儀礼に使われた素焼きの土製品で、古墳時代の文化を伝える貴重な資料です。,日本の世界遺産,,
q187,百舌鳥・古市古墳群から出土する須恵器とはどのような土器でしょう？,手で成形した縄文土器,赤く焼かれた弥生土器,絵付けされた彩文土器,高温で焼かれた硬質の灰色土器,須恵器は朝鮮半島の技術を受けて生まれた高温焼成の土器で、古墳時代の特徴的遺物です。,日本の世界遺産,,
q188,仁徳天皇陵古墳（大仙古墳）の全長として正しいのはどれでしょう？,約200ｍ,約300ｍ,約400ｍ,約486ｍ,大仙古墳は全長約486mで、世界最大級の墳墓として知られます。,日本の世界遺産,,
q189,始皇帝陵を築いた秦の始皇帝が行った政策として正しいものはどれでしょう？,遣唐使の派遣,朱印船貿易の開始,八色の姓の制定,度量衡の統一,秦の始皇帝は中国を統一し、貨幣・文字・度量衡の統一など中央集権国家の基盤を築きました。,世界の世界遺産,,
q190,兵馬俑坑に埋められた兵馬俑はどのような目的で作られたでしょう？,神への供物として,芸術作品として,教育用模型として,皇帝の死後の守護兵として,兵馬俑は始皇帝の死後の世界を守るための兵士像で、実物大の精巧な造形が特徴です。,世界の世界遺産,,
q191,現在の姫路城の姿を完成させた大名として正しいのは誰でしょう？,豊臣秀長,山名宗全,黒田官兵衛,池田輝政,池田輝政は関ヶ原の戦い後に姫路城を大改修し、現在の優美な天守を完成させました。,日本の世界遺産,,
q192,姫路城を池田家の後に治め、城下町の整備を進めた大名として正しいのは誰でしょう？,井伊直政,前田利家,加藤清正,本多忠政,本多忠政は池田輝政のあとに姫路藩主となり、城下の発展と防備の強化を進めました。,日本の世界遺産,,
q193,明治初期に全国で城が取り壊された際、姫路城はどうなったでしょう？,完全に解体された,軍事施設として改修された,民間の学校に転用された,競売で23円50銭で落札された,姫路城は廃城令で取り壊しの危機にありましたが、競売でわずか23円50銭で落札され、奇跡的に保存されました。,日本の世界遺産,,
q194,姫路城が廃城令の際に競売で落札された金額として正しいのはどれでしょう？,10円50銭,15円80銭,30円00銭,23円50銭,姫路城は保存の価値が見直されず安価で落札されましたが、その後国宝・世界遺産として評価されました。,日本の世界遺産,,
q195,姫路城が世界遺産に登録される際に特に評価された点として正しいのはどれでしょう？,城下町の復元,城郭の広さ,模型展示の充実,建造当時の真正性が高いこと,姫路城は築城当時の構造・素材・技法が良好に保存されており、その真正性が高く評価されました。,日本の世界遺産,,
q196,姫路城の保存において大規模な修理が行われた時期として正しいのはどれでしょう？,明治初期,大正時代,平成期,昭和の大修理,姫路城は1956年から昭和の大修理が行われ、天守や屋根瓦などが徹底的に修復されました。,日本の世界遺産,,
q197,姫路城の構造的な分類として正しいものはどれでしょう？,山城,平城,水城,平山城,平山城とは平地と丘陵の両方を利用して築かれた城で、姫路城はその代表例です。,日本の世界遺産,,
q198,姫路城の天守に見られる「破風（はふ）」とはどの部分を指すでしょう？,石垣の装飾,橋の欄干,矢狭間の装置,屋根の三角形の装飾部分,破風とは屋根の三角形の部分で、姫路城では意匠的にも美しい装飾が施されています。,日本の世界遺産,,
q199,城郭で「曲輪（くるわ）」と呼ばれるのはどの部分でしょう？,天守の装飾部分,櫓の内部構造,城門の外側,城内を囲う防御区画,曲輪とは堀や石垣で囲まれた防御区画のことで、姫路城では連続的に配置されています。,世界の世界遺産,,
q200,クロンボー城を16世紀に築いたデンマーク王として正しいのは誰でしょう？,クリスチャン3世,オラフ2世,エリク7世,フレゼリク2世,フレゼリク2世はデンマーク王で、スウェーデンとの防衛と交易管理のためクロンボー城を築きました。,世界の世界遺産,,
q201,クロンボー城の防御施設に見られる「稜堡（りょうほ）」とは何を意味するでしょう？,礼拝堂の塔,城門の飾り,地下の牢獄,外敵を防ぐ角状の防御施設,稜堡は城郭の角に突き出した防御構造で、砲撃や監視に用いられました。,世界の世界遺産,,
q202,クロンボー城が世界的に知られるようになったきっかけとして正しいのはどれでしょう？,映画の舞台に選ばれた,貿易の中心地になった,建築様式が模倣された,シェイクスピアの戯曲『ハムレット』の舞台となった,クロンボー城はシェイクスピアの『ハムレット』の舞台「エルシノア城」として有名です。,世界の世界遺産,,
q203,『ハムレット』の舞台となったクロンボー城の所在地として正しいのはどこでしょう？,ノルウェー,スウェーデン,フィンランド,デンマーク,クロンボー城はデンマークのエーレスンド海峡沿いに位置し、ヨーロッパ貿易の要衝としても栄えました。,世界の世界遺産,,
q204,石見銀山が繁栄した時代に、同じく銀の生産地として知られた場所はどこでしょう？,佐渡,出羽,陸奥,周防,周防国（山口県）もまた銀の産地として知られ、当時の日本の銀生産を支えました。,日本の世界遺産,,
q205,石見銀山で用いられた銀精錬技術として正しいのはどれでしょう？,炭焼法,溶解法,蒸留法,灰吹法,灰吹法は鉛を使って銀を精製する方法で、石見銀山の技術発展に大きく寄与しました。,日本の世界遺産,,
q206,石見銀山の銀が海外へ輸出された際、主な交易相手となった国として正しいのはどれでしょう？,朝鮮,オランダ,ポルトガル,明,石見銀山の銀は博多を経て明（中国）へ輸出され、国際貿易の重要な資源となりました。,日本の世界遺産,,
q207,石見銀山が最盛期に産出した銀の量として正しいのはどれでしょう？,年間10トン,年間20トン,年間30トン,年間40トン,石見銀山は16世紀に年間約40トンの銀を産出し、当時の世界の銀流通量の約3分の1を占めました。,日本の世界遺産,,
q208,石見銀山の採掘跡「間歩（まぶ）」とは何を指す言葉でしょう？,精錬所,生活住居,貯蔵庫,坑道,間歩は鉱脈を掘り進める坑道のことで、現在も多くが保存されています。,日本の世界遺産,,
q209,石見銀山の採掘において薪炭材が使われた主な理由として正しいのはどれでしょう？,住居の建材にするため,仏具を作るため,食料を保存するため,銀の精錬に必要な燃料とするため,銀の精錬には高温の熱が必要で、その燃料として薪炭材が大量に使われました。,日本の世界遺産,,
q210,石見銀山遺跡が世界遺産に登録された理由として特に評価された点はどれでしょう？,鉱石の純度,建築技術の新しさ,経済規模の大きさ,自然と人の営みが調和する文化的景観,石見銀山は自然環境と人間活動が共存する文化的景観として高く評価されました。,日本の世界遺産,,
q211,世界遺産「石見銀山遺跡」の登録範囲に含まれる要素として正しいのはどれでしょう？,採掘所のみ,銀山の周辺都市のみ,精錬所跡のみ,鉱山跡・町並み・港湾など広範囲,石見銀山遺跡は鉱山跡だけでなく、町並みや港まで含む広い範囲が登録対象です。,日本の世界遺産,,
q212,石見銀山の繁栄を祈るために建立された寺として正しいのはどれでしょう？,清水寺,永平寺,鶴林寺,羅漢寺,羅漢寺は銀山の安全と繁栄を祈るために建立された寺で、鉱山信仰の象徴となりました。,日本の世界遺産,,
q213,「カミノ・レアル・デ・ティエラ・アデントロ」で銀の精錬に使われた重要な資源はどれでしょう？,銅,鉄,鉛,水銀,水銀は銀の精錬に欠かせない元素で、メキシコ銀山から産出された銀の生産効率を高めました。,世界の世界遺産,,
q214,「カミノ・レアル・デ・ティエラ・アデントロ」は何の流通を目的とした道として築かれたでしょう？,塩の交易,香辛料の輸送,木材の供給,銀の輸送,「カミノ・レアル・デ・ティエラ・アデントロ（内陸王の道）」は、メキシコ北部の銀を運ぶ重要な交易路でした。,世界の世界遺産,,
q215,1945年に広島に投下された原子爆弾の爆心地から、原爆ドームはおよそ何メートルの位置にあったでしょう？,約200m,約300m,約800m,約160m,原爆ドームは爆心地から約160mに位置し、爆風を受けながらも骨組みが残りました。,日本の世界遺産,,
q216,原爆ドームが世界遺産に登録された主な理由として正しいのはどれでしょう？,再建建築の技術が高いから,原子力の平和利用を記念しているから,現代建築の美しさを象徴するから,核兵器の悲惨さを伝える記念碑だから,原爆ドームは核兵器の惨禍と平和の尊さを訴える象徴的な遺産として登録されました。,日本の世界遺産,,
q217,原爆ドーム近くにある「原爆の子の像」は、誰の死をきっかけに建立されたでしょう？,医師の娘,教師の妹,学徒動員の少年,16歳で亡くなった少女・佐々木禎子,佐々木禎子さんは被爆後に白血病を発症し、平和の象徴として折り鶴が捧げられるようになりました。,日本の世界遺産,,
q218,原爆ドームの世界遺産登録時に、一部の国から上がった「疑問の声」とはどのようなものだったでしょう？,登録基準が不明確だという声,保存費用に関する懸念,建築的価値を疑問視する声,戦争責任の解釈をめぐる懸念,一部の国が、戦争責任の表現や歴史的解釈に懸念を示しました。,日本の世界遺産,,
q219,原爆ドームのように人類の悲劇を伝える遺産は何と呼ばれているでしょう？,平和遺産,歴史遺産,教訓遺産,負の遺産,「負の遺産」は人類の過ちを伝え、再発防止を訴える記念的遺産を指します。,日本の世界遺産,,
q220,世界遺産登録において「バッファー・ゾーン」は何を意味するでしょう？,記録保管区域,観光開発地帯,保護区域の外周部分,交通整備区域,バッファー・ゾーンは、遺産の景観や価値を守るために設定される緩衝地帯のことです。,日本の世界遺産,,
q221,アウシュビッツの強制収容所を設立したナチス・ドイツの指導者として正しいのは誰でしょう？,ムッソリーニ,スターリン,フランコ,ヒトラー,アドルフ・ヒトラーはナチス・ドイツの独裁者としてホロコーストを推進しました。,世界の世界遺産,,
q222,アウシュビッツが存在した当時の政権として正しいのはどれでしょう？,ドイツ帝国,ワイマール共和国,東ドイツ政府,ナチス・ドイツ,ナチス・ドイツは1933年に成立し、人種差別政策のもとで強制収容を行いました。,世界の世界遺産,,
q223,アウシュビッツで行われたユダヤ人迫害の大量虐殺を何と呼ぶでしょう？,ブリッツクリーク,ナイト・オブ・ロングナイフ,ファイナル・ディール,ホロコースト,ホロコーストはナチスによるユダヤ人大量虐殺で、600万人以上が犠牲となりました。,世界の世界遺産,,
q224,「アウシュビッツ」と「ビルケナウ」の関係として正しいものはどれでしょう？,別々の国にある,別の時代に建てられた,全く関係のない施設,本部と分所の関係にある,アウシュビッツは本部、ビルケナウはその拡張収容所として機能していました。,世界の世界遺産,,
q225,アウシュビッツで犠牲となった少数民族のひとつとして正しいのはどれでしょう？,スラブ人,ノルマン人,ケルト人,ロマ,ロマ（ジプシー）はナチスの人種政策により迫害され、多くが犠牲となりました。,世界の世界遺産,,
q226,『アンネの日記』で知られるアンネ・フランクが収容されたのはどの収容所でしょう？,ダッハウ,ザクセンハウゼン,マウトハウゼン,アウシュビッツ,アンネ・フランクはアウシュビッツ収容所に送られ、その後ベルゲン・ベルゼンで亡くなりました。,世界の世界遺産,,
q227,厳島神社の背後にそびえる霊峰として信仰されてきた山はどれでしょう？,阿蘇山,比叡山,高野山,弥山,弥山（みせん）は古代から神聖視され、厳島信仰の中心とされてきました。,日本の世界遺産,,
q228,海上から神を拝む「遥拝」とはどのような行為でしょう？,直接祭壇に供物を捧げる行為,神殿に参入して祈る行為,船を沈めて祈る儀式,遠く離れた場所から神を拝む行為,遥拝は海や遠方から神を拝む日本古来の信仰形態で、厳島神社の社殿配置にも見られます。,日本の世界遺産,,
q229,厳島神社の主祭神として祀られている神として正しいのは誰でしょう？,天照大神,木花咲耶姫命,住吉大神,市杵島姫命,市杵島姫命（いちきしまひめのみこと）は海の守護神で、厳島神社の主祭神です。,日本の世界遺産,,
q230,厳島神社で祀られている市杵島姫命は、宗像三女神の一柱です。他の二柱に含まれるのは誰でしょう？,瀬織津姫命・木花咲耶姫命,天鈿女命・多紀理毘売命,多紀理毘売命・多岐都比売命,多紀理毘売命・多岐都比売命,宗像三女神は「多紀理毘売命」「多岐都比売命」「市杵島姫命」で、海上安全の神とされます。,日本の世界遺産,,
q231,厳島神社の社殿を現在の姿に整備した人物として正しいのは誰でしょう？,藤原道長,源頼朝,北条時宗,平清盛,平清盛は平安末期に厳島神社を整備し、海上交通の神として信仰を広めました。,日本の世界遺産,,
q232,厳島神社の構成要素のひとつ「摂社」とはどのような施設でしょう？,政治会議を行う施設,外国使節を迎える建物,船の修理を行う場所,本社と関係の深い神を祀る社,摂社は本社にゆかりのある神を祀る神社で、厳島神社には多くの摂社があります。,日本の世界遺産,,
q233,メテオラの修道院群はどの宗派の修道士によって築かれたでしょう？,カトリック教会,アルメニア教会,コプト教会,ギリシャ正教会,メテオラの修道院はギリシャ正教会の修道士たちが築いたもので、信仰の拠点となっています。,世界の世界遺産,,
q234,メテオラにはかつていくつの修道院が建てられていたでしょう？,10の修道院,15の修道院,20の修道院,24の修道院,メテオラにはかつて24の修道院があり、現在は6つが活動を続けています。,世界の世界遺産,,
q235,沖ノ島で行われた祭祀は、どの勢力の支配下で行われていたでしょう？,倭国連合,出雲王国,吉備勢力,ヤマト王権,沖ノ島の祭祀はヤマト王権の国家的儀礼として行われました。,日本の世界遺産,,
q236,沖ノ島の祭祀では、どの国との外交安全を祈願していたとされるでしょう？,新羅,唐,高句麗,百済,沖ノ島では大陸との航海の安全、とくに百済への航行安全が祈願されました。,日本の世界遺産,,
q237,沖ノ島が「神宿る島」として重要視された理由として正しいのはどれでしょう？,農業豊作を祈る場所だったから,漁業の拠点だったから,戦勝祈願の地だったから,航海の安全を祈る場所だったから,沖ノ島は航海安全を祈る聖地であり、古代から信仰の対象とされました。,日本の世界遺産,,
q238,沖ノ島で行われた祭祀の特徴として最も適切なものはどれでしょう？,個人の信仰儀式,村落の年中行事,家族の供養儀式,国家的な祭祀,沖ノ島の祭祀はヤマト王権が主導する国家的な儀式として行われました。,日本の世界遺産,,
q239,沖ノ島の祭祀はどのような場所で行われていたでしょう？,神殿の内部,宮殿の中庭,船の甲板,岩の上や岩影などで行われていた,沖ノ島では自然の岩場が信仰の対象となり、人工的な社殿は建てられていませんでした。,日本の世界遺産,,
q240,沖ノ島から出土した奉献品の数として正しいのはどれでしょう？,約1万点,約3万点,約5万点,約8万点,沖ノ島では国家的な祭祀で奉納された約8万点の宝物が出土しており、国宝に指定されています。,日本の世界遺産,,
q241,「宗像・沖ノ島と関連遺跡群」で祀られている神として正しいのは誰でしょう？,天照大神,須佐之男命,大国主命,宗像三女神,宗像三女神は海の守護神で、宗像大社と沖ノ島で信仰の中心となっています。,日本の世界遺産,,
q242,「タプタプアテア」が象徴する文化として正しいのはどれでしょう？,海上貿易の発展,島嶼国家の連合,宗教の多神化,太平洋の島々を結ぶ精神的共同体,タプタプアテアは、ポリネシアの島々を宗教的・文化的につなぐ精神的共同体を象徴しています。,世界の世界遺産,,
q243,タプタプアテアが位置する地域として正しいのはどれでしょう？,ハワイ諸島,グアム島,サモア諸島,フランス領ポリネシア,タプタプアテアはフランス領ポリネシアのライアテア島にあり、ポリネシア文化の聖地です。,世界の世界遺産,,
q244,タプタプアテアが面している地形的特徴として正しいのはどれでしょう？,砂漠,火山地帯,高原,ラグーン,タプタプアテアはサンゴ礁に囲まれたラグーンに面し、海と陸の聖なる境界として信仰されています。,世界の世界遺産,,
q245,タプタプアテアで信仰の中心となった戦いの神として正しいのはどれでしょう？,タネ神,タロア神,マウイ神,オロ神,オロ神は戦いと豊穣の神として崇拝され、タプタプアテアのマラエ（祭祀場）の中心に祀られていました。,世界の世界遺産,,
q246,「マラエ」とはどのような施設を指す言葉でしょう？,農作物の倉庫,海外交易の港,家族の墓地,儀式や祭祀を行う聖域,マラエはポリネシア各地で見られる祭祀場で、石を並べて神に祈る聖地です。,世界の世界遺産,,
q247,タプタプアテアが評価された登録基準として最も関連が深いものはどれでしょう？,工業的景観,農村的景観,都市的景観,文化的景観,タプタプアテアは人々の信仰と自然環境が調和した文化的景観として評価されました。,世界の世界遺産,,
q248,「キリシタン」とは日本史上どのような人々を指す言葉でしょう？,武家政治に仕えた人々,神道を信仰した人々,貿易に従事した人々,キリスト教を信仰した人々,「キリシタン」は日本においてキリスト教を信仰した人々を指し、16世紀に伝来しました。,日本の世界遺産,,
q249,「潜伏キリシタン」とはどのような信仰形態を持つ人々でしょう？,神仏に改宗した信者,政府の庇護を受けた信者,外国で布教した信者,弾圧の中で密かに信仰を続けた信者,潜伏キリシタンは禁教令下で、表向きは仏教徒や神道信者として信仰を守り続けました。,日本の世界遺産,,
q250,潜伏キリシタンの信仰継承の特徴として正しいのはどれでしょう？,新しい宗派を設立した,西洋化を推進した,教会を公に再建した,仏教や神道を装いながら信仰を続けた,潜伏キリシタンは外見上は他宗教の信者を装いながら、密かに信仰を受け継ぎました。,日本の世界遺産,,
q251,禁教時代に起きた大規模な反乱として正しいものはどれでしょう？,承久の乱,明暦の大火,応仁の乱,島原天草一揆,島原天草一揆は1637年に起こったキリシタンによる反乱で、徹底的な弾圧の契機となりました。,日本の世界遺産,,
q252,潜伏キリシタンの信仰が再び明るみに出た出来事として知られるのはどれでしょう？,島原の乱,長崎港の開港,黒船来航,信徒発見,1865年、長崎の大浦天主堂で潜伏キリシタンが信仰を告白し、世界に衝撃を与えました。,日本の世界遺産,,
q253,カッパドキアで修道士が岩窟教会を作った理由として関係が深いのはどれでしょう？,自然災害から逃れるため,異民族に備えるため,商業の拠点にするため,イコン破壊活動を避けるため,イコン破壊運動の影響を逃れ、修道士たちは岩窟教会で密かに礼拝を行いました。,世界の世界遺産,,
q254,カッパドキアの地下都市のひとつとして正しいのはどれでしょう？,コンスタンティノープル,テッサロニキ,ミュケナイ,カイマクル,カイマクルは地下8階に広がる巨大な地下都市で、迫害から逃れた人々が暮らしていました。,世界の世界遺産,,
q255,「明治日本の産業革命遺産」はどのような形で登録されたでしょう？,単一の都市として登録,一つの鉱山群として登録,一つの製鉄所として登録,複数の地域にまたがるシリアル・サイトとして登録,この遺産は8県11市にまたがる23の資産から成るシリアル・サイトとして登録されました。,日本の世界遺産,,
q256,スコットランド出身で、日本の近代化に貢献した人物として正しいのは誰でしょう？,アーネスト・サトウ,ヘンリー・フォード,エドワード・モース,トーマス・グラバー,トーマス・グラバーは長崎で貿易や造船に尽力し、日本の近代化を支えました。,日本の世界遺産,,
q257,日本初の本格的な官営製鉄所として正しいのはどれでしょう？,釜石製鉄所,室蘭製鉄所,釧路製鉄所,官営八幡製鉄所,官営八幡製鉄所は1901年に操業を開始し、日本の近代製鉄業の象徴となりました。,日本の世界遺産,,
q258,「端島（軍艦島）」の特徴として正しいのはどれでしょう？,海上に浮かぶ軍港,溶鉱炉を備えた製鉄島,農業のための干拓地,炭鉱と高層住宅が密集した島,端島（軍艦島）は炭鉱開発で栄え、当時の最先端の生活インフラが整備されました。,日本の世界遺産,,
q259,造船所における「木型場」とはどのような場所でしょう？,船員の訓練施設,木造船を保存する倉庫,製鉄原料を保管する倉庫,鋳造部品の木型を作る作業場,木型場は鋳物用の木型を製作する場所で、近代造船技術の重要な工程でした。,日本の世界遺産,,
q260,スルースゲートの主な役割として正しいものはどれでしょう？,火薬庫の保護,船の速度を調整する装置,空気を取り入れる換気装置,水位を調整するための水門,スルースゲートは造船所や港湾で水位調整を行うための水門装置です。,日本の世界遺産,,
q261,明治日本の産業化に思想的影響を与えた人物として正しいのは誰でしょう？,福沢諭吉,勝海舟,坂本龍馬,吉田松陰,吉田松陰は松下村塾で多くの弟子を育て、明治維新や産業化の基礎思想を築きました。,日本の世界遺産,,
q262,ツォルフェライン炭鉱の名の由来として正しいのはどれでしょう？,経営者の名前,採掘方法の名称,石炭の種類,ドイツ関税同盟（ツォルフェライン）に由来,名称「ツォルフェライン」は、19世紀にドイツの経済統一を進めた関税同盟に由来します。,世界の世界遺産,,
q263,ツォルフェライン炭鉱で製造された主な製品として正しいのはどれでしょう？,銅,石灰,鉄鉱,コークス,コークスは石炭を加熱して作る燃料で、製鉄に欠かせない重要素材でした。,世界の世界遺産,,
q264,ツォルフェライン炭鉱業遺跡群が位置する地域として正しいのはどれでしょう？,バイエルン地方,ザクセン地方,ブランデンブルク地方,ルール地方,ツォルフェライン炭鉱はドイツ最大の工業地帯ルール地方にあり、産業発展の中心でした。,世界の世界遺産,,
q265,屋久島の最高峰で、九州地方の最高地点でもある山はどれでしょう？,永田岳,愛子岳,種子岳,宮之浦岳,宮之浦岳は標高1936mの花崗岩の山で、屋久島の象徴的存在です。,日本の世界遺産,,
q266,屋久島の豊かな雨量と多様な生態系をもたらす主な海流はどれでしょう？,対馬海流,親潮,千島海流,黒潮,黒潮の暖流が屋久島に湿潤な気候をもたらし、豊かな森を育てています。,日本の世界遺産,,
q267,屋久島が世界遺産に登録された理由の一つである「植物の垂直分布」とは何を指すでしょう？,樹木が横に成長する現象,樹木が同じ高さで成長する現象,樹木が同じ種類で密集する現象,標高ごとに異なる植物が生育する現象,屋久島では熱帯から亜寒帯までの植物が垂直方向に分布しています。,日本の世界遺産,,
q268,屋久島の樹齢1000年以上のスギを何と呼ぶでしょう？,長寿杉,永杉,古代杉,屋久杉,屋久杉は樹齢1000年以上のスギの総称で、縄文杉などが有名です。,日本の世界遺産,,
q269,屋久島の地形の基盤を成す岩石として正しいのはどれでしょう？,安山岩,石灰岩,玄武岩,花崗岩,屋久島は花崗岩から成り、浸食によって険しい山岳地形が形成されています。,日本の世界遺産,,
q270,「ひと月に35日雨が降る」といわれるほどの屋久島の特徴を表す表現として正しいのはどれでしょう？,冷涼な気候,乾燥した地域,風の強い島,雨の多い島,屋久島は多雨地帯で、年間降水量は8000mmを超える地域もあります。,日本の世界遺産,,
q271,屋久島に生息するヤクシカやヤクザルはどのような特徴を持つ動物でしょう？,すべて外来種である,他地域と同じ種である,亜熱帯性の大型動物である,島にのみ生息する固有亜種である,ヤクシカやヤクザルは屋久島にのみ生息する固有の亜種として知られています。,日本の世界遺産,,
q272,アフリカ大陸の最高峰であるキリマンジャロ山はどのような火山でしょう？,楯状火山,噴泥火山,単成火山,成層火山,キリマンジャロ山は複数の火山体からなる成層火山で、標高5895mのウフル・ピークがあります。,世界の世界遺産,,
q273,キリマンジャロ国立公園が属する気候帯として正しいのはどれでしょう？,砂漠気候,温帯湿潤気候,地中海性気候,熱帯サバナの気候帯,キリマンジャロは熱帯サバナ気候に属し、標高差によって多様な気候が見られます。,世界の世界遺産,,
q274,「奄美大島、徳之島、沖縄北部および西表島」が世界遺産に登録された際、登録範囲に含まれた地域として正しいのはどれでしょう？,九州本島全域,南西諸島すべて,屋久島と種子島,4つの島の一部地域,世界遺産に登録されたのは4島の自然の一部であり、開発地は除外されています。,日本の世界遺産,,
q275,奄美・沖縄地域の生物多様性に影響を与える海底地形として正しいのはどれでしょう？,黒潮海流,琉球海溝,東シナ海断層,沖縄トラフ,沖縄トラフは深海と浅海が接する場所で、生態系の分化に影響を与えています。,日本の世界遺産,,
q276,沖縄本島北部に生息する飛べない鳥として知られる固有種はどれでしょう？,シマフクロウ,サシバ,オオタカ,ヤンバルクイナ,ヤンバルクイナは沖縄北部（ヤンバル）のみに生息する日本固有の鳥です。,日本の世界遺産,,
q277,世界的にも珍しい原始的な特徴を残す哺乳類として知られる動物はどれでしょう？,イリオモテヤマネコ,ニホンリス,ツシマテン,アマミノクロウサギ,アマミノクロウサギは奄美大島と徳之島にのみ生息し、「生きた化石」とも呼ばれます。,日本の世界遺産,,
q278,奄美や沖縄が「大陸島」と呼ばれる理由として最も適切なのはどれでしょう？,火山でできた島だから,珊瑚礁で形成された島だから,海底噴火で隆起した島だから,大陸と地続きだった島だから,奄美・沖縄はかつて大陸と地続きであった「大陸島」に分類されます。,日本の世界遺産,,
q279,奄美・沖縄地域で見られる動植物の特徴として正しいのはどれでしょう？,東北地方と同種,北海道と同種,九州と同種,近隣地域に似た近縁種が多い,奄美・沖縄にはアジアや日本本土に近縁の種が多く、独自の進化を遂げています。,日本の世界遺産,,
q280,ロード・ハウ群島の自然景観の特徴として正しいのはどれでしょう？,砂漠の中に形成されたオアシス,火山地帯のカルデラ,高原地帯の湿地帯,サンゴ礁に囲まれたラグーン,ロード・ハウ群島は美しいラグーンに囲まれた島々で、多様な海洋生物が生息しています。,世界の世界遺産,,
q281,ロード・ハウ群島の固有種で、飛べない鳥として知られるのはどれでしょう？,コウノトリ,サギ,フクロウ,ロードハウクイナ,ロードハウクイナは飛ぶことができない固有の鳥で、島の象徴的な存在です。,世界の世界遺産,,
q282,琉球王国成立以前、各地のグスクを治めていた首長を何と呼ぶでしょう？,国司,太守,将軍,按司,按司（あじ）は琉球各地の有力者で、のちの王国形成の基礎となりました。,日本の世界遺産,,
q283,琉球王国を統一し、首里城を築いた人物として正しいのは誰でしょう？,尚敬王,尚円王,尚真王,尚巴志,尚巴志は15世紀に琉球を統一し、首里城を政治・文化の中心としました。,日本の世界遺産,,
q284,琉球王国成立以前に北山王の拠点だったグスクとして正しいのはどれでしょう？,中城城跡,勝連城跡,玉城城跡,今帰仁城跡,今帰仁城跡は北山王の本拠地で、堅固な石垣と美しい曲線が特徴です。,日本の世界遺産,,
q285,築城技術の高さが評価されたグスクの一つとして知られるのはどれでしょう？,今帰仁城跡,勝連城跡,座喜味城跡,中城城跡,中城城跡は琉球石灰岩を巧みに積み上げた美しい石垣が残っています。,日本の世界遺産,,
q286,英雄・阿麻和利の伝説が残るグスクとして知られるのはどれでしょう？,座喜味城跡,首里城跡,今帰仁城跡,勝連城跡,勝連城跡は伝説の豪族・阿麻和利の居城として知られています。,日本の世界遺産,,
q287,「琉球王国のグスクおよび関連遺跡群」に登録されたグスク跡はいくつあるでしょう？,3つ,4つ,6つ,5つ,この遺産は5つのグスク跡と関連する聖地・遺跡から構成されています。,日本の世界遺産,,
q288,マチュ・ピチュを築いた文明として正しいのはどれでしょう？,マヤ文明,アステカ文明,ティワナク文明,インカ帝国,マチュ・ピチュはインカ帝国の都市遺跡で、アンデス山脈の高地に築かれました。,世界の世界遺産,,
q289,マチュ・ピチュ遺跡内にある重要な宗教施設として正しいのはどれでしょう？,月の神殿,星の神殿,雨の神殿,太陽神をまつる神殿,太陽神を祀る神殿はマチュ・ピチュの中心的聖域で、太陽信仰の象徴とされています。,世界の世界遺産,,
q290,マチュ・ピチュを世界に紹介したアメリカの探検家として正しいのは誰でしょう？,チャールズ・ダーウィン,アルフレッド・ラッセル・ウォレス,スヴェン・ヘディン,ハイラム・ビンガム,ハイラム・ビンガムは1911年にマチュ・ピチュを再発見し、世界に紹介しました。,世界の世界遺産,,
q291,日本の暫定リストに含まれる飛鳥・藤原の宮都が評価された理由として正しいのはどれでしょう？,西洋建築の影響,南アジアとの交易,産業化の進展,日本文化と東アジア文化の融合発展,飛鳥・藤原の宮都では中国や朝鮮半島の影響を受けつつ独自の日本文化が育ちました。,日本の世界遺産,,
q292,飛鳥地域にある蘇我馬子の墓と伝えられる古墳はどれでしょう？,キトラ古墳,高松塚古墳,川原寺古墳,石舞台古墳,石舞台古墳は巨石を積み上げた横穴式石室で、蘇我馬子の墓と伝えられています。,日本の世界遺産,,
q293,「飛鳥・藤原の宮都」における古墳の意義として正しいのはどれでしょう？,戦勝祈願の場,農業儀礼の場所,商人の倉庫跡,権力者の墳墓,古墳は当時の豪族や権力者の権威を示す墳墓として築かれました。,日本の世界遺産,,
